thisRow.t,notes,trial_no,onset_time,words,condition_name,valence,judgement,accurate_onsetTime,reaction_time,rt,responses,answer,expected_answer,is_correct,setting,words_file,subID,sessionID,runID,uppercase_total,uppercase_correct,
,,1,0.0,decent,UPPERCASE,1,LOWER,0.049165042117238045,1.3461860846728086,1.2970210425555706,g,yes,no,0,SCANNER,wordlist_run2.csv,0,Baseline,2,,,
,,2,4.8,tidy,UPPERCASE,1,LOWER,4.819347917102277,6.024383959360421,1.2050360422581434,r,no,no,1,SCANNER,wordlist_run2.csv,0,Baseline,2,,,
,,3,9.6,self-centered,SELF,3,SELF,9.619722249917686,10.62298433482647,1.0032620849087834,g,yes,None,None,SCANNER,wordlist_run2.csv,0,Baseline,2,,,
,,4,11.7,neurotic,SELF,3,SELF,11.704803417436779,12.695799292065203,0.9909958746284246,r,no,None,None,SCANNER,wordlist_run2.csv,0,Baseline,2,,,
,,5,14.0,studious,OBAMA,1,OBAMA,14.019167417660356,15.092652874998748,1.0734854573383927,g,yes,None,None,SCANNER,wordlist_run2.csv,0,Baseline,2,,,
,,6,16.8,troubled,UPPERCASE,2,LOWER,16.81940995901823,17.72376933414489,0.9043593751266599,r,no,no,1,SCANNER,wordlist_run2.csv,0,Baseline,2,,,
,,7,22.6,depressed,OBAMA,3,OBAMA,22.62012058403343,23.877690667286515,1.2575700832530856,r,no,None,None,SCANNER,wordlist_run2.csv,0,Baseline,2,,,
,,8,26.0,brilliant,SELF,1,SELF,26.020841834135354,26.82044875063002,0.7996069164946675,g,yes,None,None,SCANNER,wordlist_run2.csv,0,Baseline,2,,,
,,9,28.1,patient,UPPERCASE,1,LOWER,28.1192742921412,28.988290042616427,0.8690157504752278,r,no,no,1,SCANNER,wordlist_run2.csv,0,Baseline,2,,,
,,10,33.9,self-conscious,UPPERCASE,2,LOWER,33.91879504267126,34.70916225016117,0.7903672074899077,r,no,no,1,SCANNER,wordlist_run2.csv,0,Baseline,2,,,
,,11,40.6,possessive,UPPERCASE,3,UPPER,40.62043608445674,41.63916779216379,1.0187317077070475,g,yes,yes,1,SCANNER,wordlist_run2.csv,0,Baseline,2,,,
,,12,42.7,sloppy,UPPERCASE,3,UPPER,42.7048970842734,43.64937608409673,0.9444789998233318,g,yes,yes,1,SCANNER,wordlist_run2.csv,0,Baseline,2,,,
,,13,45.1,submissive,SELF,2,SELF,45.120525042526424,45.88299687579274,0.7624718332663178,r,no,None,None,SCANNER,wordlist_run2.csv,0,Baseline,2,,,
,,14,48.8,old-fashioned,SELF,2,SELF,48.82007883396,49.599962167441845,0.7798833334818482,r,no,None,None,SCANNER,wordlist_run2.csv,0,Baseline,2,,,
,,15,50.8,poised,OBAMA,1,OBAMA,50.80479475017637,51.533818792551756,0.7290240423753858,g,yes,None,None,SCANNER,wordlist_run2.csv,0,Baseline,2,,,
,,16,57.0,crafty,UPPERCASE,2,LOWER,57.02116408478469,57.81279179267585,0.7916277078911662,r,no,no,1,SCANNER,wordlist_run2.csv,0,Baseline,2,,,
,,17,60.4,messy,SELF,3,SELF,60.41963191702962,61.30588541738689,0.8862535003572702,g,yes,None,None,SCANNER,wordlist_run2.csv,0,Baseline,2,,,
,,18,65.3,thoughtless,OBAMA,3,OBAMA,65.32010958436877,66.01661058422178,0.696500999853015,r,no,None,None,SCANNER,wordlist_run2.csv,0,Baseline,2,,,
,,19,71.6,pleasant,SELF,1,SELF,71.62024954240769,72.36372591741383,0.7434763750061393,r,no,None,None,SCANNER,wordlist_run2.csv,0,Baseline,2,,,
,,20,77.2,touchy,OBAMA,3,OBAMA,77.21979383472353,78.00429950002581,0.7845056653022766,r,no,None,None,SCANNER,wordlist_run2.csv,0,Baseline,2,,,
,,21,82.4,suspicious,SELF,3,SELF,82.42089766729623,83.20313720963895,0.7822395423427224,g,yes,None,None,SCANNER,wordlist_run2.csv,0,Baseline,2,,,
,,22,87.6,jumpy,SELF,3,SELF,87.62077195942402,88.28594000078738,0.6651680413633585,r,no,None,None,SCANNER,wordlist_run2.csv,0,Baseline,2,,,
,,23,89.8,aimless,UPPERCASE,3,UPPER,89.81948458403349,91.1952096670866,1.375725083053112,g,yes,yes,1,SCANNER,wordlist_run2.csv,0,Baseline,2,,,
,,24,91.8,greedy,SELF,3,SELF,91.80483716726303,92.87786716781557,1.073030000552535,r,no,None,None,SCANNER,wordlist_run2.csv,0,Baseline,2,,,
,,25,98.0,dependent,OBAMA,2,OBAMA,98.01994954235852,98.65857125073671,0.6386217083781958,g,yes,None,None,SCANNER,wordlist_run2.csv,0,Baseline,2,,,
,,26,104.5,indifferent,SELF,2,SELF,104.51953604258597,105.2184987924993,0.6989627499133348,r,no,None,None,SCANNER,wordlist_run2.csv,0,Baseline,2,,,
,,27,106.6,cultured,SELF,1,SELF,106.62050137575716,107.41629558429122,0.7957942085340619,g,yes,None,None,SCANNER,wordlist_run2.csv,0,Baseline,2,,,
,,28,108.6,silly,SELF,2,SELF,108.60485812555999,109.34981512557715,0.7449570000171661,r,no,None,None,SCANNER,wordlist_run2.csv,0,Baseline,2,,,
,,29,114.5,boastful,UPPERCASE,3,UPPER,114.5196602921933,115.60349100083113,1.0838307086378336,g,yes,yes,1,SCANNER,wordlist_run2.csv,0,Baseline,2,,,
,,30,117.9,warm-hearted,OBAMA,1,OBAMA,117.9202811671421,118.65743308421224,0.7371519170701504,r,no,None,None,SCANNER,wordlist_run2.csv,0,Baseline,2,,,
,,31,119.9,anxious,OBAMA,2,OBAMA,119.91928225010633,120.65501641761512,0.735734167508781,r,no,None,None,SCANNER,wordlist_run2.csv,0,Baseline,2,,,
,,32,121.9,tactless,OBAMA,3,OBAMA,121.91966495942324,122.57102683465928,0.6513618752360344,r,no,None,None,SCANNER,wordlist_run2.csv,0,Baseline,2,,,
,,33,128.0,daydreamer,SELF,2,SELF,128.0213999999687,128.73311283439398,0.7117128344252706,g,yes,None,None,SCANNER,wordlist_run2.csv,0,Baseline,2,,,
,,34,133.0,unwise,SELF,3,SELF,133.0195006672293,133.80809795949608,0.7885972922667861,r,no,None,None,SCANNER,wordlist_run2.csv,0,Baseline,2,,,
,,35,135.8,frank,SELF,1,SELF,135.81994408462197,136.42875050008297,0.6088064154610038,r,no,None,None,SCANNER,wordlist_run2.csv,0,Baseline,2,,,
,,36,140.2,troublesome,UPPERCASE,3,LOWER,140.22035775054246,141.3765611257404,1.156203375197947,r,no,no,1,SCANNER,wordlist_run2.csv,0,Baseline,2,,,
,,37,142.3,reserved,OBAMA,2,OBAMA,142.30520233418792,143.07458191737533,0.7693795831874013,g,yes,None,None,SCANNER,wordlist_run2.csv,0,Baseline,2,,,
,,38,146.3,excited,UPPERCASE,2,UPPER,146.32036283425987,147.1284841252491,0.8081212909892201,g,yes,yes,1,SCANNER,wordlist_run2.csv,0,Baseline,2,,,
,,39,149.9,passive,UPPERCASE,2,LOWER,149.92075866740197,150.6923789596185,0.7716202922165394,r,no,no,1,SCANNER,wordlist_run2.csv,0,Baseline,2,,,
,,40,154.0,gossipy,OBAMA,3,OBAMA,154.02022375073284,154.7172239171341,0.697000166401267,r,no,None,None,SCANNER,wordlist_run2.csv,0,Baseline,2,,,
,,41,157.9,vigorous,SELF,1,SELF,157.9194597499445,158.58228991739452,0.6628301674500108,r,no,None,None,SCANNER,wordlist_run2.csv,0,Baseline,2,,,
,,42,162.2,precise,OBAMA,1,OBAMA,162.2199952090159,162.9410463757813,0.7210511667653918,r,no,None,None,SCANNER,wordlist_run2.csv,0,Baseline,2,,,
,,43,167.1,vain,OBAMA,3,OBAMA,167.120003875345,167.8329701256007,0.7129662502557039,r,no,None,None,SCANNER,wordlist_run2.csv,0,Baseline,2,,,
,,44,169.2,cold,UPPERCASE,3,LOWER,169.21971958409995,170.07209783419967,0.8523782500997186,r,no,no,1,SCANNER,wordlist_run2.csv,0,Baseline,2,,,
,,45,174.5,modest,UPPERCASE,1,UPPER,174.52005654200912,175.2670694589615,0.7470129169523716,g,yes,yes,1,SCANNER,wordlist_run2.csv,0,Baseline,2,,,
,,46,178.5,normal,OBAMA,2,OBAMA,178.52153775002807,179.1417515007779,0.6202137507498264,r,no,None,None,SCANNER,wordlist_run2.csv,0,Baseline,2,,,
,,47,183.4,fearful,SELF,2,SELF,183.4189393343404,184.07758008409292,0.6586407497525215,r,no,None,None,SCANNER,wordlist_run2.csv,0,Baseline,2,,,
,,48,189.6,timid,OBAMA,2,OBAMA,189.61994137521833,190.3105543339625,0.6906129587441683,r,no,None,None,SCANNER,wordlist_run2.csv,0,Baseline,2,,,
,,49,191.9,perceptive,UPPERCASE,1,UPPER,191.91935241781175,192.8583623347804,0.9390099169686437,g,yes,yes,1,SCANNER,wordlist_run2.csv,0,Baseline,2,,,
,,50,193.9,resourceful,UPPERCASE,1,UPPER,193.90442650020123,194.6770648341626,0.7726383339613676,g,yes,yes,1,SCANNER,wordlist_run2.csv,0,Baseline,2,,,
,,51,197.4,thoughtful,OBAMA,1,OBAMA,197.42037904262543,198.30724154226482,0.8868624996393919,r,no,None,None,SCANNER,wordlist_run2.csv,0,Baseline,2,,,
,,52,200.6,skillful,OBAMA,1,OBAMA,200.6198166674003,201.3811221253127,0.7613054579123855,r,no,None,None,SCANNER,wordlist_run2.csv,0,Baseline,2,,,
,,53,203.2,impolite,OBAMA,3,OBAMA,203.21977633424103,204.01624258421361,0.7964662499725819,g,yes,None,None,SCANNER,wordlist_run2.csv,0,Baseline,2,,,
,,54,209.8,skilled,OBAMA,1,OBAMA,209.81975904200226,210.50387533474714,0.684116292744875,r,no,None,None,SCANNER,wordlist_run2.csv,0,Baseline,2,,,
,,55,215.2,kind,UPPERCASE,1,LOWER,215.2203428754583,216.04088170919567,0.8205388337373734,r,no,no,1,SCANNER,wordlist_run2.csv,0,Baseline,2,,,
,,56,221.6,choosy,SELF,2,SELF,221.62671345937997,222.22757512517273,0.6008616657927632,r,no,None,None,SCANNER,wordlist_run2.csv,0,Baseline,2,,,
,,57,223.6,clumsy,OBAMA,2,OBAMA,223.61982666701078,224.16757858451456,0.5477519175037742,r,no,None,None,SCANNER,wordlist_run2.csv,0,Baseline,2,,,
,,58,225.7,lifeless,SELF,3,SELF,225.71930875070393,226.28124266769737,0.5619339169934392,g,yes,None,None,SCANNER,wordlist_run2.csv,0,Baseline,2,,,
,,59,227.9,naive,SELF,2,SELF,227.91889870911837,228.41455933451653,0.495660625398159,r,no,None,None,SCANNER,wordlist_run2.csv,0,Baseline,2,,,
,,60,231.7,dull,SELF,3,SELF,231.71976762544364,232.27633095905185,0.5565633336082101,g,yes,None,None,SCANNER,wordlist_run2.csv,0,Baseline,2,,,
,,61,236.8,unfair,UPPERCASE,3,UPPER,236.82033600006253,237.55952745955437,0.739191459491849,g,yes,yes,1,SCANNER,wordlist_run2.csv,0,Baseline,2,,,
,,62,241.9,bright,SELF,1,SELF,241.91954566724598,242.51018787547946,0.5906422082334757,r,no,None,None,SCANNER,wordlist_run2.csv,0,Baseline,2,,,
,,63,247.0,well-mannered,SELF,1,SELF,247.02017291728407,247.69597125053406,0.6757983332499862,r,no,None,None,SCANNER,wordlist_run2.csv,0,Baseline,2,,,
,,64,252.1,unpoised,UPPERCASE,2,LOWER,252.11994387581944,252.9298608750105,0.8099169991910458,r,no,no,1,SCANNER,wordlist_run2.csv,0,Baseline,2,,,
,,65,257.1,calm,UPPERCASE,1,UPPER,257.11974233482033,None,None,None,None,yes,0,SCANNER,wordlist_run2.csv,0,Baseline,2,,,
,,66,263.1,reckless,UPPERCASE,3,UPPER,263.1193533753976,None,None,None,None,yes,0,SCANNER,wordlist_run2.csv,0,Baseline,2,,,
,,67,269.2,high-strung,UPPERCASE,2,LOWER,269.2194170001894,None,None,None,None,no,0,SCANNER,wordlist_run2.csv,0,Baseline,2,,,
,,68,274.7,vulgar,OBAMA,3,OBAMA,274.7227168753743,None,None,None,None,None,None,SCANNER,wordlist_run2.csv,0,Baseline,2,,,
,,69,276.7,friendly,SELF,1,SELF,276.75894425064325,276.93851145915687,0.17956720851361752,r,no,None,None,SCANNER,wordlist_run2.csv,0,Baseline,2,,,
,,70,279.4,able,OBAMA,1,OBAMA,279.4256482096389,280.0679757921025,0.6423275824636221,r,no,None,None,SCANNER,wordlist_run2.csv,0,Baseline,2,,,
,,71,282.1,mature,UPPERCASE,1,UPPER,282.1197142098099,282.8108982089907,0.6911839991807938,g,yes,yes,1,SCANNER,wordlist_run2.csv,0,Baseline,2,,,
,,72,286.5,hot-tempered,UPPERCASE,3,UPPER,286.51993454247713,287.15902558434755,0.6390910418704152,g,yes,yes,1,SCANNER,wordlist_run2.csv,0,Baseline,2,,,
,,73,290.6,impulsive,OBAMA,2,OBAMA,290.62045337539166,291.1618306674063,0.5413772920146585,r,no,None,None,SCANNER,wordlist_run2.csv,0,Baseline,2,,,
,,74,295.8,frivolous,UPPERCASE,2,LOWER,295.820533500053,296.50081916712224,0.6802856670692563,r,no,no,1,SCANNER,wordlist_run2.csv,0,Baseline,2,,,
,,75,301.8,tender,SELF,1,SELF,301.8205764591694,302.4544407092035,0.6338642500340939,r,no,None,None,SCANNER,wordlist_run2.csv,0,Baseline,2,,,
,,76,304.9,forceful,SELF,2,SELF,304.91898025013506,305.4411380002275,0.5221577500924468,g,yes,None,None,SCANNER,wordlist_run2.csv,0,Baseline,2,,,
,,77,310.9,self-concerned,UPPERCASE,2,LOWER,310.9202276254073,311.6584095424041,0.7381819169968367,r,no,no,1,SCANNER,wordlist_run2.csv,0,Baseline,2,,,
,,78,313.6,demanding,OBAMA,2,OBAMA,313.61941662523896,314.27715458441526,0.657737959176302,g,yes,None,None,SCANNER,wordlist_run2.csv,0,Baseline,2,,,
,,79,317.2,humorless,OBAMA,3,OBAMA,317.2186856670305,318.0903581250459,0.8716724580153823,r,no,None,None,SCANNER,wordlist_run2.csv,0,Baseline,2,,,
,,80,320.3,sincere,OBAMA,1,OBAMA,320.32001383416355,320.9651675000787,0.6451536659151316,g,yes,None,None,SCANNER,wordlist_run2.csv,0,Baseline,2,,,
,,81,322.8,skeptical,OBAMA,2,OBAMA,322.82062216755,323.726789874956,0.9061677074059844,r,no,None,None,SCANNER,wordlist_run2.csv,0,Baseline,2,,,
